flag_label,All,All_VarReduced,Auto_NoMax_NoSym,BarAggr2_NoMax_NoSym,BarPre1Aggr1_NoMax_NoSym,BarPre2_NoMax_NoSym,Bar_AllFlags_Max_NoSym,Bar_AllFlags_NoMax_NoSym,Bar_NoFlags_NoMax_NoSym
3U3F,1.0,0.47710973193591066,3.102633247274757,4.918892336334019,7.224693002511929,8.503225157361953,1.0765024732183028,2.2063629676962107,2.4970831212736058
4U4F,1.0,0.8822863326262989,16.410923963170035,10.893356822864094,9.504981913773975,13.773938560323751,1.0532795439774794,1.8246665167891927,6.379201719415529
4U4F2CI,1.0,,15.938077311487511,16.140563620023087,162.55198103754498,13.954435160353148,0.8939034338488726,1.246843482899599,12.20718710951647
5U5F,1.0,0.9412186478132788,40.53778163379235,24.67545586012146,55.175113142396874,38.06030035809207,1.009032397557007,1.4509220826739546,32.67479444988982
5U5F1CI,1.0,,,190.06994037495542,,,0.87916062560835,1.3637651532307218,86.1618501098409
6U6F,1.0,0.8207668979059228,532.5580500814118,,,,1.3196568289017336,2.252395364805142,491.3016918731395
